INSERT INTO `rms` (`rms_id`, `usr_id`, `area`, `type`, `bed`, `bath`, `cont`, `dets`, `reva`, `come`, `traf`, `rm_name`, `rm_chge`, `max_ple`, `post_code`, `addr`, `dtil_addr`, `lati`, `longi`, `cdt`, `grd`, `thum`)
VALUES
  (111, 6, '통영시', '다인실', 1, 1, '아기자기한 섬과 바다의 맛과 멋이 가득한 통영에서 멋진 하루를 보내세요!\n\n통영대교가 내려다 보이는 전망좋은 아파트\n집 전체 리모델링으로 깔끔하고 편리한 시설\n아파트 앞 해양공원, 해안데크를 따라 산책 가능\n한려수도 케이블카와 루지 근처에 위치', '당신이 숙소에 머무를 때 필요한 대부분을 제공합니다.\n* 거실 - TV, 소파, 협탁, 공기청정기, 에어컨, wifi\n* 주방 - 냉장고, 전자렌지, 가스렌지, 전기포트, 주방도구 및 식기류\n* 침실 - 침대(Q), 옷장, 협탁, 화장대, 헤어드라이어\n* 화장실 - 수건, 샴푸, 린스, 바디워시, 클렌징폼, 치약, 물비누', '아파트의 다른 주민을 위해 저녁 소음에 주의해주세요-\n도착이 늦어지실 때와 퇴실 하실 때 꼭 메세지 부탁드려요!', '통영 미수동에 위치한 작은 아파트로 바로 앞 통영대교와 해양공원이 있어 야경도 아름답고 해안데크를 따라 산책하기에 좋아요. 한려수도 케이블카와 루지, 통영유람선터미널 차로 5분, 동피랑과 중앙시장, 서피랑, 여객선터미널은 10분 거리에 있습니다!\n걸어서는 10분 거리에 횟집단지와 해저터널이 있습니다. 그리고 벛꽃이 아름다운 봉수골이 20분 거리에 있고 맛있는 해산물 찜요리와 아기자기한 카페가 많은 곳이에요!', '통영버스터미널에서 차로 20~25분 정도 걸립니다.\n시내버스는 300, 500번대 미수동행을 타고《미수동주민센터》에서 내리시면 됩니다.\n주차는 아파트 내 주차장을 이용하시면 됩니다ㅎ', '통영 바다가 보이는  아름다운 집!', 65000, 2, '53011', '경남 통영시 광도면 갓섬길 14', '케이블카 근처', '34.926413739257164', '128.43696484197625', '2019-05-29 15:41:00', NULL, '5a652436-94ca-4fcd-a021-c63d3cee0c23'),
  (112, 6, '홍대입구역', '다인실', 1, 1, '안녕하세요!!+_+\n오즈의 집 주인장 오즈입니다! 킼키킼\n오즈의집에 대해서 짧고 굵게 요점만 설명하겠습니다!! 집중해서 읽어주세요!!!\n\n! ) 홍대입구역 3번출구에서 3분컷 \n! ) 홍대 그 유명하다는!!! 연트롤 파크 30초컷\n! ) 주변 편의시설 완비\n! ) 당신은 지금 오즈의집을 예약하고싶습니다.. +_+\n! ) 당신은 지금 오즈의집에 빠졌습니다..+_+\n\n머리말_)\n\n오즈의 마법사의 집은 주인장 오즈가 직접 공사하고\n꾸민 집으로 여러분들이 마법처럼 편히 사르륵 묶고 가시라고 제가 땀흘리며 오픈한 게스트하우스 입니다! \n연트롤파크, 젊음의 명소 홍대에서 신나게 놀고 심신이 지쳤을때 오셔서 편히 마법처럼 스르륵 잠들어보세요!!!', '# 체크인, 체크아웃은 셀프입니다 !\n★예약확정을 하시면 더 자세히 위치랑 숙소설명을 보내드립니다★\n\n(길을 잃으시면 언제든지 연락주세요 날아갑니다)\n\n# 에어비앤비 사진에 지도가 있으니 참고해주세요 !\n\n# 체크인- 17:00시 이후 부터 아무때나\n(늦은시간에 들어오실때는 조용히 해주세요) \n#체크아웃-13:00시 이전', '체크인을 일찍하시는건 상관없습니다 \n다만 침실에는 오후 5시 이후부터 쓰실수있습니다\n거실에 짐을 냅둬주시고 에어비앤비 메세지로 사진을 찍어보내주세요!\n제가 청소후에 방안에 고히 모셔놓겠습니다 +_+', '기타 질문 및 궁금한점 오즈얼굴이 보고싶으시다면ㅋㅋㅋ KA TALK: ruper2 전화 : 공일공-오공사구-팔육구사 로 연락 주시면 신속하게 답변 드리겠습니다. 저는 항상 마법으로 당신의 꿈을 지지합니다 !!! ^ _ ^ b\n', '홍대입구역 3번출구에서 3분\n연트롤파크 30초컷 \n주변 30초 거리 각종편의시설 및 최고의 술집', '오즈의집', 33900, 2, '03989', '서울 마포구 연남동 358-1', '홍대입구역 3번 출구', '37.560236864405205', '126.92377060612615', '2019-05-29 15:47:56', NULL, 'c7cfc245-0bdb-430b-a707-cdf12266e2cf'),
  (113, 6, '홍대', '다인실', 3, 1, '*홍대 입구역 9번출구에서 7분거리에 있습니다. 홍익대학교와 3분 거리에 위치해있습니다.\n\n*가까운 곳에 편의점과 장을 볼 수 있는 마트가 있습니다.\n\n*최대 5명이 주무실 수 있어요. 4명까지는 추가 요금이 없어요!\n\n*따뜻한 난방과 시원한 에어컨이 사시사철 준비되어 있어요. 추운날에는 따뜻하게,\n더운날에는 시원하고 쾌적하게 있을 수 있는 집입니다.\n\n*와이파이와 포터블 와이파이가 모두 준비되어있습니다. 방에 준비해두었으니 자유롭게 사용하시고 체크아웃 시에 제자리에 둬주시면 됩니다.\n\n*이불은 인원수에 맞춰 충분히 준비해두었습니다. 퀸사이즈 구스 이불이라 따뜻하고, 성인 두 분이 이불 1개를 충분히 사용하실 수 있습니다. 침구 커버와 베개 커버는 1박을 포함한 모든 손님의 체크아웃 시에 수거, 세탁/건조합니다. 먼지 알러지나 청결 상태가 걱정이신 분들도 마음 편하게 사용하세요.\n\n* 칫솔,치약,세면도구, 바디 스펀지,비누, 생수 2병이 준비되어있습니다.\n\n*요리를 위해 필요한 주방 식기와 도구들이 충분히 준비되어 있습니다. :)\n\n*저희 집 주변에는 쇼핑과 즐길거리가 많습니다. 밑으로 쭉 내려가시면 바로 쇼핑거리가 있고, 홍대 걷기 좋은 거리가 나옵니다. 추천하는 음식점은 또보겠지 떡볶이집, 항상 줄서서 먹는 새우장덮밥이 유명한 소년식당, 퓨전 일식 좋아하시면 ginza ryoko, 고기 좋아하시면 항상 손님이 넘치는 옥돌수정생소금구이 집도 유명하니 찾아가 보세요.\n빵집은 집근처의 일본 장인이 만드는 아오이토리도 유명하고 맛있습니다. (앙버터, 명란바게트 추천!)\n\n', '[침실]\n퀸사이즈 침대 2\n1인용 소파배드\n\n[부엌]\n인덕션\n냄비 / 프라이팬 / 칼 / 가위 등 조리기구\n와인잔 / 와인오프너\n커피포트\n\n[욕실]\n샴푸 / 바디워시 / 린스 \n일회용 칫솔 / 치약 / 비누 / 바디스펀지\n\n[기타]\n바닥난방 / 에어컨\n빠른 와이파이 / 포켓 와이파이 무료 대여\n케이블 티비 (노트북 연결해서 시청 가능)\n세탁기 / 세제 / 섬유유연제 / 건조대\n다리미 / 다리미판', '체크인 - 오후 3시\n체크아웃 - 오전 11시\n\n[규칙] 꼭 지켜주세요!\n체크인, 체크아웃 시간을 준수해주세요.\n실내에서 절대 금연입니다.\n외출 할 때 난방, 에어컨 꺼주세요.\n벽에 부착 금지. 벽지가 손상돼요\n늦은 밤 지나친 소음에 주의해주세요.', '홍대 입구역 9번출구에서 7분거리에 있습니다. 홍익대학교와 3분 거리에 위치해있습니다.', '홍대 입구 9번출구에서 7분 거리에 있으니, 힘들지 않을거에요.\n모든 침구는 호스트가 직접 깨끗하게 관리해서 쾌적하고,\n문의에 대한 답변은 언제나 빠르게 드립니다. :)\n놀러오세요!', '감각적인 복층 스튜디오', 50000, 5, '03900', '서울 마포구 가양대로 1', '홍대입구역', '37.57703941571225', '126.86439732179267', '2019-05-29 15:57:56', NULL, '6ce9aaeb-eb74-4ad9-81a4-6cb0b3b6305b'),
  (114, 6, '남해군', '다인실', 1, 1, '가슴에 담고 싶은 순간\n푸른 남해바다를 바라보며,\n지금 이 순간을 사랑하는 사람과 나눕니다.\n\n수평선으로 떨어지는 붉은 해를 바라보며 스파에 몸을 담그면\n고단했던 일상이 잊혀 집니다.\n\n한 번쯤 먼 바다를 향해가는 그런 여행을 꿈꿔보지 않으셨나요.\n잠깐 스쳐지나가며 모든 것을 담기에는 아름다움이 너무 많습니다.\n파도소리 바람소리만 들리는 이곳에서.\n멈추면 비로소 보이는 아름다운 감성을 느껴보세요.\n\n아련한 사랑과 추억을 만드는 곳\n남해스파힐입니다.', '[바비큐이용안내]\n바베큐 숯, 그릴 대여시 비용이 발생합니다.\n2인 10,000원 / 4인 20,000원\n(현장결제 (Website hidden by Airbnb) \n바다와 수영장이하나로 연결된 듯 한 아름다운 전망의 수영장에서 최고의 추억을 간직하세요.\n유아 및 아이가 놀기에 좋은 수영장입니다.\n수영장 길이 :10M, 폭5M, 높이 1M\n7~8월 개장 예정입니다.\n\n[ 스 파 ]\n남해바다를 한눈에 감상하면 즐길 수 있는 스파가 각 객실에 설치되어 있습니다.\n단독 데크에 마련된 스파 공간은 둘만의 스파를 즐기기에 최적의 장소이며, \n달콤한 와인과 프로젝트로 영화 감상도 함께 하면 로맨틱한 시간이 될 것입니다.\n\n(Website hidden by Airbnb) 펜션에서 운영하는 편의점에서 필요한 물품들을 구입할 수 있어요.\n음료, 주류, 군것질거리, 거기에 갑자기 필요할 수 있는 상비약들까지.\n다양한 물품이 준비되어 있습니다.\n편의점과 연결된 야외 카페에는 넓게 펼쳐진 야경을 감상하실수도 있습니다.\n\n(Website hidden by Airbnb) 펜션 바로 앞에 바다가 펼쳐져 있어 언제든 바다를 가까이서 볼 수 있습니다.\n파도소리를 더 가까이 듣고 싶다면 사랑하는 사람과 따뜻한 아메리카노 한잔 들고나가 해변을 걸어보세요.\n걷는 발걸음마다 웃음과 행복이 쌓여갈 거예요. 걸어서 10분 거리의 바닷가에 석방렴이 있답니다,\n\n(Website hidden by Airbnb) 컵라면와 커피는 각 객실에 비치되어 있습니다.\n\n(Website hidden by Airbnb) 보고싶은 영화를 USB에 담아 오시면 빔 프로젝트 통해 영화감상 하실 수 있습니다.\n사용 가능한 객실을 (Phone number hidden by Airbnb) 호 객실만 사용가능합니다.\n\n(Website hidden by Airbnb) 많은 분들이 다녀간 만큼 더욱 청결에 힘을 쓰고 있습니다.\n남해 최고 청결한 침구 및 객실로 여러분을 맞이하겠습니다.', '입실시간 16:00 / 퇴실시간 12:00\n퇴실 시 퇴실점검이 있습니다.', 'Nam-myeon, Namhae, Gyeongsangnam-do, 한국에 있습니다.', '자가용 이용 권장', '올화이트로 이루어진 심플한 객실', 127200, 3, '52436', '경남 남해군 남면 남면로 219-48', '바다 근처', '34.75275678549938', '127.90547679201696', '2019-05-29 16:06:14', NULL, 'aa31a1b7-c17d-41ae-91ea-b115efd2e210'),
  (115, 6, '남해군', '다인실', 2, 1, '버지니아 맨션은 푸른 바다, 농지, 산과 아름다운 마을로 둘러싸여 있습니다.\n네, 정말 멋진 경치예요.\n저는 남해에 있는 아메리칸 빌리지에서 가장 깨끗하고 최신 스타일의 방을 가지고 있습니다.\n버지니아 맨션은 사생활 보호를 위해 좋은 위치에 있습니다.', '반려동물 동반 불가\n흡연, 파티 또는 이벤트 금지', '체크인 시간: 15:00~02:00(다음 날), 체크아웃 시간: 11:00까지', ' Idong-myeon, Namhae-gun, Gyeongsangnam-do, 한국에 있습니다.', '자가용 이용 권장 ', '버지니아 맨션 ', 212500, 6, '52430', '경남 남해군 이동면 강진만로 302', '아메리칸 빌리지', '34.83034191943281', '127.93570430570483', '2019-05-29 16:13:42', NULL, '416ccd80-e199-4bd2-bf6f-8d0336f9f06e'),
  (116, 6, '광안리', '개인실', 4, 2, '헤븐리 펜트하우스는 광안리 해변 바로앞 10층에 위치하여 환상적인 바다 전망을 즐길 수 있습니다. 침실 3개와 욕실 2개, 주방을 갖춘 30평대 하우스입니다. 총 12인까지 수용이 가능하여 가족여행, 동호회 모임, 회사 워크샵, 파티 등 각종 단체를 위한 최상의 조건을 갖춘 숙소입니다.\n기본요금은 4인 기준입니다. 추가인원은 1인당 15,000원의 요금이 부과되며 추가로 매트리스와 침구를 제공합니다. \n헤븐리는 광안리에서 즐길 수 있는 모든것들과 가까운 거리에 있어요. 회센터, 해변 버스킹, 수변공원, 해수온천, 서핑, 해변까페거리 등 광안리 핫스팟 모두 도보 5분 이내 거리에 있답니다 :) \n광안리의 밤은 짧아요! 게스트님의 숙면을 위해 포근하고 청결한 호텔식 침구와 암막 커튼을 준비했습니다.', '헤븐리 펜트하우스는 두개의 30평대 스위트 하우스를 보유하고 있습니다. 지금 보고 계신곳은 뻥뚫린 시원한 오션뷰를 즐기실 수 있는 오션뷰 하우스입니다. \n침실 1: 퀸 침대, 오션뷰 bar\n침실 2: 퀸 침대, 오션뷰 bar, 좌식 테이블\n침실 3: 퀸 침대2, TV, 옷걸이 \n주방 : 조리가능한 도구/식기 완비, 식탁\n욕실 1: 샤워칸분리된 화장실 \n욕실 2: 두개의 샤워칸 \n* 샴푸, 린스, 바디젤, 비누, 치약, 수건 제공\n\n모든공간 냉/난방 시설 완비', '체크인 시간: 16:00 이후 언제나, 체크아웃 시간: 12:00까지\n키패드(으)로 셀프 체크인', 'Millak-dong, Suyeong-gu, Busan, 한국에 있습니다.', '대중교통, 자가용 권장 ', '오션뷰 스위트 펜션', 150000, 8, '48277', '부산 수영구 민락동 161-25', '광안 대교', '35.15887723526162', '129.12106357966925', '2019-05-29 16:21:59', NULL, 'dc81945d-4be6-402c-9906-aa57e671c8c0'),
  (117, 6, '센텀시티', '개인실', 3, 2, '◆30층 이상의 초고층 부산 해운대 고급 아파트\n◆안전성, 편리함, 청결함이 최고인 호텔같은 아파트\n◆거실, 방의 베란다에서 보이는 끝내주는 시티뷰\n(자연스럽게 힐링됩니다*^^*)\n◆남녀노소 모두가 머무를 수 있는 적합한 숙소\n◆벡스코행사 참여, 결혼식 하객, 단체모임 , 가족여행에 안성맞춤 숙소\n\n-해운대구 재송동 센텀시티에 위치한 초고층 고급 \n아파트 단지이며, 밤에는 LED조명이 켜지고 여러 \n색깔들이 보여요.\n\n-전망좋은 고층 아파트, 54평에\n심플,모던 겸 고풍스러운 분위기도 느껴지는 공간의 느낌을 만끽해 보세요.\n\n-내진,재진,면진완벽설계로 인한 안전성을 보장하며,\n층마다 크린룸완비(음실물쓰레기, 일반쓰레기, \n분리수거시설)로 인해 편리함과 청결함을 \n자랑해요.', '-호텔식 화이트 침구로 청결함을 최우선으로 하며, \n넉넉한 공간에 추가인원을 위한 매트리스(요+ 이불)를 준비하여 편안한 침실을 제공해요.\n\n-넓은 주방은 게스트분들이 요리하기에 부족하지 않은 공간이에요. 요리하고 싶은 욕구가 생겨요.\n\n-게스트분들이 머무시는 동안 가족, 동료, 친구, 연인과 많은 대화를 나눌 수 있는 공간으로 거실쪽에 식탁을 두어서 식사 및 작업 등 다용도로 사용 하실 수 있어요.\n\n-심플한 컨셉 위주고 너무 꽉 채우지 않고, 비움의 공간을 주어 게스트의 자유공간으로 만들었어요. 머무시는동안 내집처럼 사용해 보세요.\n\n-상가마트,미용실, 카페, 치킨집, 다양한 먹거리 음식점, 음주 할 수 있는 가게 등이 있어요.\n아파트 주변 각종 편의 시설이 갖춰져 있어요. 조금만 눈을 돌려보시면 있을건 다 있답니다.\n(아파트 단지 내에 \"BBQ치킨 부산해운대센텀점\"이 있어요. 야식은 치맥 아시죠??^^ㅋ)\n\n-숙소 옆에는 큰 도로지만 차들이 많이 다니지 않아 교통이 혼잡하지 않아서 좋아요. \n조용해서 우리만 있는 공간 같아서 더 좋고, 잠도 푹 잘 수 있어요.\n\n-밤에 시티뷰가 정말 최고!!!\n조명만 켜고, 식탁에 앉아 좋은 사람들과 함께라면 분위기 있는 밤을 보내실거에요.(얘기가 술술~~)\n\n-조금 더 쾌적한 숙소를 제공하고 싶어서, 숙소 오픈하고 얼마 후에 공기청정기를 비치해 두었습니다. \n(먼지와 세균 용납 할 수 없어요!!! \n게스트를 위해 항상 뭔가를 준비하고, 노력하는 숙소입니다.^-^)\n\n', '※게스트를 위해 깨끗하고, 편안히 머무를 수 있는 숙소로 준비하겠습니다.\n\n※예약 확정되면 체크인 하시기 전에 안내사항 (정확한 주소와 현관 비밀번호 등)을 알려드립니다.\n\n※흡연은 절대 하면 안됩니다. \n그리고 야간에는 이웃주민들을 위해 지나친 소음은 자제 부탁드립니다.', 'Jaesong 1(il)-dong, Haeundae, Busan, 한국에 있습니다.\n-1분거리 센텀역이 있어서, \n벡스코방면/기장방면으로 쉽고 빠르게 가실 수 있어요.\n\n-동해선 센텀역을 끼고 있으며 수영강을 따라 \n산책하기에도 아주 좋아요.(누리공원)\n\n-영화의 전당,벡스코,신세계/롯데 백화점이 있어요. 걸어가시면서 각종 먹거리식당, 베이커리,카페 등 편의시설이 엄청 많아요.(주거,직장,문화 밀집 동네)', '센텀시티역 하차, 자가용 이용', '해운대 센텀 고급 시티뷰', 138000, 8, '48054', '부산 해운대구 재송동 210-74', '센텀시티', '35.188251742002066', '129.1214362000572', '2019-05-29 16:28:52', NULL, 'ab461b19-0a69-4f4d-88ed-a19d08190ceb'),
  (118, 6, '제주도', '다인실', 4, 3, '2019년 1월 리뉴얼 오픈한 저희 하우스는 천지연 폭포 근처 서귀포 미항 바로 앞에 있는 건물의 6층에 위치해 있습니다.\n\n바다 방향에 마련된 넓은 공용 테라스 혹은 일부 바다방향 룸에서 서귀포 앞바다와 아름다운 부속 섬들(새섬, 문섬, 섶섬, 범섬)을 바로 눈 앞에서 아찔하게 보실 수 있습니다. 저녁이 되면 은은한 조명이 켜지는 새연교의 아름다움과 그 위로 떨어지는 대한민국 남단의 항홀한 낙조를 경험하실 수도 있습니다.\n\n전망의 장점을 잘 살린 인테리어와 널찍한 공간을 구성해서 시끌벅적한 파티를 강조하는 일부 게하와는 다르게 게하 본연의 기능에 충실해서 아름다운 서귀포를 감각적으로 느끼며 조용히 여행하고 싶어하는 나홀로나 단체 및 커플여행객에 적합합니다.. \n(제주 환상 자전거 또는 스쿠터 여행족을 위한 완벽한 보관소도 보유하고 있어요)', '해당룸은 여성전용 8인 도미토리입니다. 오션뷰 룸으로 방안에서 혹은 야외 테라스에서 환상적인 서귀포 미항과 아름다운 새연교 및 여러 섬들을 보실 수 있습니다.\n\n각 침실마다 개인 콘센트/신발장/사물함 구비되어 있습니다.\n\n공용화장실(남,녀 구분)/샤워장(칸막이 구분)을 이용합니다.\n공용주방에서는 조식으로는 토스트/쨈/커피가 무상 제공됩니다.\n바다가 보이는 휴게실과 테라스는 마음껏 이용하실 수 있습니다.\n\n저희 하우스는 최근 문제가 되고 있는 술자리가 곁들이는 저녁 단체 파티를 하지 않는 일반적인 게스트하우스로서 제주를 오롯이 느끼며 조용히 여행하고자 하는 여행객에게 적합합니다. 요란하고 신나는 단체 파티는 여행 일정 중 바람 많이 부는 서쪽 애월이나 동쪽 성산 쪽 파티 전문 게스트하우스에서 하시고... 여행 중간에 머무를 여기 남쪽 서귀포에서는 전망좋은 저희 숙소에서 아름다운 대한민국 남녘 바다와 섬들을 보며 힐링~해 보시는 일정으로 계획을 세워 보시는게 어떨까요? \n새섬과 새연교가 눈앞에 아찔하게 보이는 전망좋은 야외 테라스에서 혼자서 혹은 룸에서 새로 사귄 친구와 가볍게 한잔 하는 분위기는 언제든 환영입니다. \n내일의 또다른 소중한 스케줄을 위해 밤 11시에는 전체 소등합니다.', '1시간 정도 게스트와 시간을 보낼 수 있습니다  ^^ ', 'Chilsimni-ro, Seogwipo-si, Jeju-do, 한국에 있습니다.\n도보 10분 이내에 천지연 폭포와 이중섭거리, 서귀포유람선과 잠수함을 탈 수 있는 매표소가 있어요. \n서귀포올레시장 또한 1km 거리이고 숙소 주변엔 음식문화특화 거리로 다양한 먹거리 식당이 있어서 뚜벅이 나 홀로 여행객도 부담없이 서귀포 중심가를 여행할 수 있습니다.', '대중교통으로의 접근 - 제주공항에서 공항 리무진 버스 600번을 이용해서 \'서귀포항\'에서 내리시면 2~3분 거리에 숙소가 있습니다.\n주차공간 - 건물 1층 주차장, 건물 앞 서귀포항 무료 주차장 및 건물 뒷편 자체 주차장이 있습니다.\n자전거나 스쿠터 주차 - 건물내 안전한 자체 보관 장소가 있습니다.', '감성 힐링 오션뷰 도미토리', 17000, 8, '63275', '제주특별자치도 제주시 가령골길 1', '제주도 해변 근처', '33.50586125126642', '126.54021599812346', '2019-05-29 16:36:28', NULL, 'e4925fb8-cc17-4162-972c-4c8fddf8a1b5'),
  (119, 6, '춘천', '개인실', 2, 1, '한적한 마을에 있는 한옥독채입니다. 가족 또는 연인과 오붓하게 시간보내시고 싶은 분이나 혼자만의 휴식, 힐링이 필요하신 분에게 권합니다. 낮에는 산과 들 풍경을 벗삼고, 밤에는 하늘가득 빤짝이는 별을 만날 수 있습니다.\n\n기본인원은 2인이며, 인원을 추가하시면 4인까지 이용 가능합니다. (5인 이상일 경우는 예약전 메세지 주세요.)\n\n침구는 항상 새로 직접 세탁한 것을 드립니다. \n유기농 면과 광목, 순면 제품으로 준비드려요. \n(유아로 표시된 손님에는 추가비용이 발생하지 않습니다. 이런경우 요는 추가되지 않고 담요를 하나 준비해 드립니다. 유아손님이지만 이부자리 추가를 원하시면 어린이로 표시해주세요.)\n\n숙소에서 요리하실 수 있습니다. 실내에 냄새가 베는 요리는 삼가주세요. 미리 말씀해주시면 야외에서 바베큐 가능합니다. (오시는 길목에 가까운 마트와 식당 안내드려요.)', '전통건축일을 하고 있는 제가 시골집을 직접 고쳐보았습니다. 단열을 새로하여 춥지 않습니다. 작은방은 전통방식으로 흙벽을 치고 구들드려 온돌방을 꾸몄습니다. 불편함은 빼고 아늑함만 남긴 집이에요:) 인스타그램 #지혜원 에 참고하실 사진이 더 있습니다.\n\n전통방식의 구들방, 작은대청, 툇마루, 안방, 욕실, 주방겸 식당, 데크 등 집전체를 사용할 수 있습니다.\n\n보이차와 다구, 원두와 드립세트, 믹스커피, 홍차 티백, 커피캡슐 등을 준비드려요.\n\n조리도구와 그릇, 양념(소금, 간장, 식초, 설탕, 기름, 고춧가루 등)을 사용하세요.\n\n냉장고, 전기렌지, 전자렌지, 밥솥, 전기포트, 토스터 그리고 세탁기가 있습니다.\n\nTV, wifi, 에어컨, 선풍기, 온풍기, 비데\n\n비누, 폼클렌져, 치약, 샴푸, 컨디셔너, 바디샴푸,\n수건과 헤어드라이어,\n\n비상약품이 준비되어 있습니다.', '언제든지 궁금한 사항에 대하여 문의주세요. 소규모 파티나 촬영을 위한 대관 가능합니다. 집짓기에 대한 대화도 환영합니다:) 영어가능합니다(English speaking host).', '산과 강으로 둘러싸인 조용한 농촌마을입니다. 춘천댐 상류지역으로 물이 많고 경치가 좋습니다. 산에서 나는 샘물을 마을 상수도로 이용합니다. 솔바우마을 농산품(된장, 감자, 한과 등)구매가능합니다.\n\n주변관광지 : \n고탄낚시터, 해피초원목장(2km)\n용화산계곡 휴양림(3km)\n막국수체험박물관(8km)\n이상원미술관(9km)\n애니메이션박물관, 로봇박물관(11km)\n소양강댐, 닭갈비막국수 거리(12km)\n화천산천어축제장(13km)\n옥광산, 달아실미술관(13km)\n구봉산전망대 카페거리(14km)\n김유정문학촌,책과인쇄박물관,레일바이크(20km)\n\n출발지와 가고싶은 곳 알려주시면 여행일정에 맞는 코스와 근처 식당과 카페 소개해드려요.\n\n특별히 예쁜경치를 만나실 수 있는 곳:\n•춘천댐 옆 \'수력원자력 한강수력본부\' 벗꽃길\n•\'현지사\' 옆 연꽃단지\n•강원한우 해피초원목장', '서울방향에서 운전해 오신다면,\n의암댐-서면(애니메이션,로봇박물관,경치좋은카페)-춘천댐을 지나는 드라이브코스(마라톤 코스이기도 합니다)를 추천합니다.\n\n시내버스를 이용하실 분은 미리 연락주시면 자세히 안내하겠습니다. 저와 시간 맞으시면 픽업해드려요.', '지혜원 한옥독채', 180000, 4, '24201', '강원 춘천시 사북면 송암리 167', '지혜원', '38.005552614883875', '127.69213388843737', '2019-05-29 16:43:57', NULL, '24a7db94-4124-454e-8d99-d74e8dd00a72'),
  (120, 6, '연남동', '다인실', 4, 2, '1. 심플한 무지(201) & 모던한 흑백(301) 스타일의 실내 - 원목가구로 인해 따듯하고 편안한 2층 실내와 모던한 흑백 가구로 채워진 3층 실내\n\n2. 편리한 대중교통 접근성 - 공항철도 및 지하철 2호선 홍대입구역 3번 출구에서 도보 10분 이내 거리입니다.\n\n3. 환상적인 루프탑 - 루프탑에서 경관을 바라보면, 이국적인 분위기를 느낄 수 있습니다.', '건물 2, 3층 및 환상적인 루프탑까지 자유롭게 사용할 수 있습니다.\n\n루프탑 바베큐 이용에는 준비가 필요하므로 미리 문의 주세요.\n소고기, 돼지고기, 새우, 버섯, 소시지, 쌈 채소, 쌈장, 식기류 일체가 넉넉히 제공됩니다. 음료 및 주류는 준비해오셔야 합니다.\n1인당 30,000원이며, 최소 4인부터 이용 가능합니다.\n\n연남동 중심지의 접근성 좋은 위치\n- 홍대역(공항철도)에서 도보 7분 거리\n- 연남 센트럴 파크, 테마를 가진 여러 카페, 맛집\n- 편리한 대중 교통 : 지하철, 공항철도, 버스\n\n아래는 무료로 제공됩니다.\n- 환상적인 루프탑\n- 세탁기, 건조기\n- 실내 100Mb Wi-Fi\n- 조리 기구 일체가 완비된 부엌(냄새나는 음식, 고기 및 생선 구이 불가)\n- 주차(대형 불가, 중형 이하 가능)', '문의에 대한 응답 가능 시간은 09:00~17:00 입니다. 응급 상황 발생 시, 15분 내에 도착 가능합니다.', '홍대 옆 조용한 거리였던 연남동은 이제 홍대 못지않은 번화가입니다.\n\n경의선 숲길(연남 센트럴 파크)을 따라 수많은 식당과 카페가 즐비하며, 밤낮 할 것 없이 늘 많은 사람들로 붐빕니다.\n\n근처에 동진시장이 위치해있으며 주변에 카페나 다양한 음식점이 많습니다.', '홍대입구역 공항철도 3번 출구와 도보로 10분 거리(630m)에 위치해있습니다.\n숙소에 주차(무료, 중형 이하)는 1대 가능하고\n필요 시, 연남 노상 공영주차장(10m, 유료)에 주차 할 수 있습니다.\n\n\n', '무지&모던 스타일 파티룸', 712963, 8, '03989', '서울 마포구 연남동 358-1', '역 근처', '37.560236864405205', '126.92377060612615', '2019-05-29 16:51:55', NULL, '2880ced9-fcb3-4aeb-88ea-5d8f08b91ce1');

  
  INSERT INTO `rms_amn` (`amn_id`, `rms_id`)
VALUES
  (1, 111),
  (1, 112),
  (1, 113),
  (1, 114),
  (1, 115),
  (1, 116),
  (1, 117),
  (1, 118),
  (1, 119),
  (1, 120),
  (2, 111),
  (2, 112),
  (2, 113),
  (2, 115),
  (2, 116),
  (2, 117),
  (2, 118),
  (2, 119),
  (2, 120),
  (3, 111),
  (3, 112),
  (3, 113),
  (3, 114),
  (3, 115),
  (3, 117),
  (3, 118),
  (3, 119),
  (3, 120),
  (4, 111),
  (4, 113),
  (4, 114),
  (4, 115),
  (4, 116),
  (4, 117),
  (4, 118),
  (4, 119),
  (4, 120),
  (5, 111),
  (5, 112),
  (5, 113),
  (5, 114),
  (5, 115),
  (5, 116),
  (5, 117),
  (5, 119),
  (5, 120),
  (6, 111),
  (6, 112),
  (6, 113),
  (6, 114),
  (6, 116),
  (6, 117),
  (6, 118),
  (6, 119),
  (7, 117),
  (8, 111),
  (8, 112),
  (8, 114),
  (8, 117),
  (8, 118),
  (8, 119),
  (9, 111),
  (9, 115),
  (9, 116),
  (9, 117),
  (9, 118),
  (9, 119),
  (9, 120),
  (10, 113),
  (10, 114),
  (10, 115),
  (10, 116),
  (10, 117),
  (10, 118),
  (10, 119),
  (10, 120),
  (11, 111),
  (11, 112),
  (11, 115),
  (11, 116),
  (11, 117),
  (11, 118),
  (11, 119),
  (11, 120),
  (12, 111),
  (12, 112),
  (12, 113),
  (12, 114),
  (12, 115),
  (12, 116),
  (12, 117),
  (12, 118),
  (12, 119),
  (12, 120),
  (13, 114),
  (13, 120);

  INSERT INTO `rms_safety` (`safety_id`, `rms_id`)
VALUES
  (1, 111),
  (1, 112),
  (1, 113),
  (1, 114),
  (1, 115),
  (1, 116),
  (1, 117),
  (1, 118),
  (1, 119),
  (1, 120),
  (2, 111),
  (2, 112),
  (2, 113),
  (2, 114),
  (2, 115),
  (2, 116),
  (2, 117),
  (2, 118),
  (2, 119),
  (2, 120),
  (3, 111),
  (3, 112),
  (3, 113),
  (3, 114),
  (3, 115),
  (3, 116),
  (3, 117),
  (3, 118),
  (3, 119),
  (3, 120),
  (4, 114),
  (4, 115),
  (4, 116),
  (4, 117),
  (4, 118),
  (4, 119),
  (4, 120),
  (5, 111),
  (5, 116),
  (5, 120);

  
  INSERT INTO `rm_photo` (`r_photo_id`, `rms_id`, `rm_photo`)
VALUES
  (81, 111, 'beec8f29-aef8-414b-a6d3-a5a6c5187d4d'),
  (82, 111, 'f12452c9-c035-4b38-a341-76489f5f2c4d'),
  (83, 111, '3dcb75b7-6960-4007-bcae-de7a2d93ab49'),
  (84, 111, '7c958ee9-6d30-439d-8edb-57371c3b9864'),
  (85, 112, '2ffca185-24b7-446d-965f-20904c909aa4'),
  (86, 112, 'fcdc8c17-24de-4a79-b8ac-b48728c473ad'),
  (87, 112, '58ca9454-f8e6-4466-a995-ae826e6b8747'),
  (88, 112, '7a517a6c-5eb5-4eef-ae37-d06d55f32e62'),
  (89, 113, 'df4414a5-1b47-4c84-b7e2-97fba186cf99'),
  (90, 113, '68aa5cd3-f32b-4ce9-9d86-ee8d3511a901'),
  (91, 113, '2a9ae8cb-af4a-4444-8e9a-65bec5689963'),
  (92, 113, '29d5dcba-e631-46ea-ad59-07207183cb13'),
  (93, 114, 'c7251fdb-8a5d-40b3-adc1-576d7fde1120'),
  (94, 114, '2e2b888d-a80c-4d08-b558-b8086411da04'),
  (95, 114, '6b77e78b-d91d-4393-ab99-fad3920c0ed1'),
  (96, 114, 'b0e19766-f36f-4a5f-b552-7a5ec110d8c8'),
  (97, 115, '51594f31-51b7-40cc-b39f-623252dbe4ff'),
  (98, 115, '8050ba33-88c7-4373-b87d-eee29da4bbee'),
  (99, 115, '46725599-5e7a-48a6-8f4b-7bb626e277e8'),
  (100, 115, '71765897-f4e2-4159-991f-9d66f0c766cd'),
  (101, 116, 'f6a0a690-bf65-443c-b4b0-2aaf2a0048be'),
  (102, 116, '861bfeb9-a0bc-4f6a-b78a-ccc4a289e052'),
  (103, 116, '5c5cfcbf-92b9-4625-8679-1c88add3608d'),
  (104, 116, '0a3950e8-e993-4117-97db-3fd968450a85'),
  (105, 117, '87253a2d-a946-48c5-a93e-203ba24ff238'),
  (106, 117, '0d8c8a06-b0ea-4af1-9280-9c27cb004a6e'),
  (107, 117, '9ce9340c-2912-417f-9772-d177d65af3ba'),
  (108, 117, 'ece96212-7f27-4e9e-915e-949980694c43'),
  (109, 118, 'd04a28e9-18a6-4c20-9f09-a75df8e994d2'),
  (110, 118, '1e18bfbe-d6d7-44a9-9c01-32266b8060cb'),
  (111, 118, '296dbf9f-bd5f-471d-84a8-1cd1cd8e6ae8'),
  (112, 118, '2ec18747-292a-495e-89de-7b9427012af8'),
  (113, 119, '8690a2d6-1390-423b-bfb5-9041632def7b'),
  (114, 119, '0cfcaf8d-450b-4e07-9ce5-8d14b860e9f1'),
  (115, 119, '54e20a70-edd4-45e8-a571-94a8647e07dd'),
  (116, 119, '73e752cb-540a-40a0-80a5-0b76e379ccc8'),
  (117, 120, '713d9257-f68f-4d08-a079-26304e099a8f'),
  (118, 120, '82a802e4-058a-42eb-a904-709aeeaa50de'),
  (119, 120, 'eda6a933-4393-4279-94c4-26fbd6903e3a'),
  (120, 120, 'eb5dab28-98f5-4ba4-ac8c-0bc38780229e');
